macro_topic,pdi_score,vk_variance_metric,tg_variance_metric
Urban Infrastructure,0.15,0.22508356676487085,0.47434891797858153
Socio-Economic Anxiety,0.45,0.1382914108947818,0.6504284768772655
Healthcare,0.22,0.14886255853492,0.7686227352742979
Regional Migration,0.55,0.25729860223571877,0.6265733102324686
Federal/Global News,0.62,0.23291268325667247,0.43451811074929964
